{
  "start_lat": 32.23114,
  "start_lon": -110.94548,
  "end_lat": 32.2866043,
  "end_lon": -110.9473657,
  "departure_time": "12:45"
}